,0
삼성전자,005930
SK하이닉스,000660
삼성전자우,005935
NAVER,035420
LG화학,051910
삼성바이오로직스,207940
카카오,035720
현대차,005380
삼성SDI,006400
셀트리온,068270
기아,000270
POSCO,005490
현대모비스,012330
삼성물산,028260
LG전자,066570
SK이노베이션,096770
KB금융,105560
LG생활건강,051900
SK텔레콤,017670
신한지주,055550
엔씨소프트,036570
SK,034730
아모레퍼시픽,090430
삼성생명,032830
한국전력,015760
HMM,011200
LG,003550
삼성에스디에스,018260
하나금융지주,086790
삼성전기,009150
넷마블,251270
SK바이오사이언스,302440
KT&G,033780
포스코케미칼,003670
대한항공,003490
SK아이이테크놀로지,361610
S-Oil,010950
한국조선해양,009540
삼성화재,000810
롯데케미칼,011170
하이브,352820
한온시스템,018880
KT,030200
SK바이오팜,326030
한화솔루션,009830
LG디스플레이,034220
고려아연,010130
두산중공업,034020
우리금융지주,316140
기업은행,024110
